file_nm,title,file_url,video_length,age_group,strength,muscularEndurance,cardiovascularEndurance,flexibility,agility,power,equipment
0AUDLJ08S_00311.mp4,앉았다 일어서면서 점프하기,http://openapi.kspo.or.kr/web/video/0AUDLJ08S_00311.mp4,34,공통,0.0,0.0,0.0,0.0,0.5,0.5,
0AUDLJ08S_00237.mp4,옆으로 누워 버티기,http://openapi.kspo.or.kr/web/video/0AUDLJ08S_00237.mp4,40,공통,1.0,0.0,0.0,0.0,0.0,0.0,매트
0AUDLJ08S_00830.mp4,점프하며 뛰기,http://openapi.kspo.or.kr/web/video/0AUDLJ08S_00830.mp4,44,청소년,0.0,0.0,0.0,0.0,0.0,1.0,
0AUDLJ08S_00287.mp4,짐볼에 다리 올리고 엉덩이 들어올리기,http://openapi.kspo.or.kr/web/video/0AUDLJ08S_00287.mp4,45,공통,1.0,0.0,0.0,0.0,0.0,0.0,짐볼
0AUDLJ08S_00316.mp4,점프 팔굽혀펴기,http://openapi.kspo.or.kr/web/video/0AUDLJ08S_00316.mp4,45,공통,0.0,0.0,0.0,0.0,0.5,0.5,
0AUDLJ08S_00573.mp4,사다리 좌우 뛰기,http://openapi.kspo.or.kr/web/video/0AUDLJ08S_00573.mp4,46,공통,0.0,0.0,0.0,0.0,0.5,0.5,사다리
0AUDLJ08S_00302.mp4,의자에 앉아 볼 돌리기,http://openapi.kspo.or.kr/web/video/0AUDLJ08S_00302.mp4,47,공통,1.0,0.0,0.0,0.0,0.0,0.0,공
0AUDLJ08S_00315.mp4,버피운동,http://openapi.kspo.or.kr/web/video/0AUDLJ08S_00315.mp4,47,공통,0.0,0.0,0.0,0.0,0.5,0.5,
0AUDLJ08S_00565.mp4,옆으로 펀치하기,http://openapi.kspo.or.kr/web/video/0AUDLJ08S_00565.mp4,47,공통,0.0,0.0,0.0,0.0,0.5,0.5,덤벨
0AUDLJ08S_00273.mp4,의자에 앉아 등 굽혔다 펴기,http://openapi.kspo.or.kr/web/video/0AUDLJ08S_00273.mp4,48,공통,1.0,0.0,0.0,0.0,0.0,0.0,의자
0AUDLJ08S_00312.mp4,무릎 높여 제자리 달리기,http://openapi.kspo.or.kr/web/video/0AUDLJ08S_00312.mp4,49,공통,0.0,0.0,0.0,0.0,0.5,0.5,
0AUDLJ08S_00252.mp4,물병 옆으로 들어올리기,http://openapi.kspo.or.kr/web/video/0AUDLJ08S_00252.mp4,49,공통,1.0,0.0,0.0,0.0,0.0,0.0,물병
0AUDLJ08S_00575.mp4,팔 벌려 뛰기,http://openapi.kspo.or.kr/web/video/0AUDLJ08S_00575.mp4,49,공통,0.0,0.0,0.0,0.0,0.5,0.5,
0AUDLJ08S_00275.mp4,서서 다리로 탄력밴드 당기기 I,http://openapi.kspo.or.kr/web/video/0AUDLJ08S_00275.mp4,49,공통,1.0,0.0,0.0,0.0,0.0,0.0,밴드
0AUDLJ08S_00838.mp4,앞차기하며 뛰기,http://openapi.kspo.or.kr/web/video/0AUDLJ08S_00838.mp4,50,청소년,0.0,0.0,0.0,0.0,0.0,1.0,
0AUDLJ08S_00307.mp4,엎드려서 다리 차올리기,http://openapi.kspo.or.kr/web/video/0AUDLJ08S_00307.mp4,51,공통,1.0,0.0,0.0,0.0,0.0,0.0,보슈
0AUDLJ08S_00238.mp4,누워서 다리 들어올리기,http://openapi.kspo.or.kr/web/video/0AUDLJ08S_00238.mp4,51,공통,1.0,0.0,0.0,0.0,0.0,0.0,매트|테이블
0AUDLJ08S_00516.mp4,서서 균형 잡으며 몸통 회전하기,http://openapi.kspo.or.kr/web/video/0AUDLJ08S_00516.mp4,52,공통,1.0,0.0,0.0,0.0,0.0,0.0,보슈
0AUDLJ08S_00288.mp4,짐볼에 엎드려서 팔 다리 들기,http://openapi.kspo.or.kr/web/video/0AUDLJ08S_00288.mp4,52,공통,1.0,0.0,0.0,0.0,0.0,0.0,짐볼
0AUDLJ08S_00291.mp4,의자에 앉아 다리로 짐볼 쥐기,http://openapi.kspo.or.kr/web/video/0AUDLJ08S_00291.mp4,52,공통,1.0,0.0,0.0,0.0,0.0,0.0,짐볼
0AUDLJ08S_00506.mp4,고정한 상태에서 덤벨 들고 팔꿈치 굽히기,http://openapi.kspo.or.kr/web/video/0AUDLJ08S_00506.mp4,53,공통,1.0,0.0,0.0,0.0,0.0,0.0,덤벨
0AUDLJ08S_00566.mp4,스텝퍼 오르내리기,http://openapi.kspo.or.kr/web/video/0AUDLJ08S_00566.mp4,53,공통,0.0,0.0,0.0,0.0,0.5,0.5,스텝퍼
0AUDLJ08S_00842.mp4,점프 후 버티기,http://openapi.kspo.or.kr/web/video/0AUDLJ08S_00842.mp4,53,청소년,0.0,0.0,0.0,0.0,0.0,1.0,박스
0AUDLJ08S_00572.mp4,사다리 안팎 뛰기,http://openapi.kspo.or.kr/web/video/0AUDLJ08S_00572.mp4,54,공통,0.0,0.0,0.0,0.0,0.5,0.5,사다리
0AUDLJ08S_00509.mp4,덤벨 옆으로 들어올리기,http://openapi.kspo.or.kr/web/video/0AUDLJ08S_00509.mp4,54,공통,1.0,0.0,0.0,0.0,0.0,0.0,덤벨
0AUDLJ08S_00831.mp4,빠르게 무릎들어 뛰기,http://openapi.kspo.or.kr/web/video/0AUDLJ08S_00831.mp4,54,청소년,0.0,0.0,0.0,0.0,0.0,1.0,
0AUDLJ08S_00568.mp4,스텝퍼 뛰어서 넘어가기,http://openapi.kspo.or.kr/web/video/0AUDLJ08S_00568.mp4,54,공통,0.0,0.0,0.0,0.0,0.5,0.5,스텝퍼
0AUDLJ08S_00337.mp4,테이블 이용하여 팔 옆으로 벌리기,http://openapi.kspo.or.kr/web/video/0AUDLJ08S_00337.mp4,55,공통,0.0,0.0,0.0,1.0,0.0,0.0,테이블
0AUDLJ08S_00815.mp4,양발 교차 뛰기,http://openapi.kspo.or.kr/web/video/0AUDLJ08S_00815.mp4,55,청소년,0.0,0.0,0.0,0.0,1.0,0.0,사다리
0AUDLJ08S_00570.mp4,스텝퍼 올라가서 점프하여 착지하기,http://openapi.kspo.or.kr/web/video/0AUDLJ08S_00570.mp4,56,공통,0.0,0.0,0.0,0.0,0.5,0.5,스텝퍼
0AUDLJ08S_00569.mp4,스텝퍼 옆으로 뛰어넘기,http://openapi.kspo.or.kr/web/video/0AUDLJ08S_00569.mp4,56,공통,0.0,0.0,0.0,0.0,0.5,0.5,스텝퍼
0AUDLJ08S_00242.mp4,누워서 하늘 자전거,http://openapi.kspo.or.kr/web/video/0AUDLJ08S_00242.mp4,56,공통,1.0,0.0,0.0,0.0,0.0,0.0,소파
0AUDLJ08S_00255.mp4,목 굽힘/폄 II,http://openapi.kspo.or.kr/web/video/0AUDLJ08S_00255.mp4,56,공통,1.0,0.0,0.0,0.0,0.0,0.0,수건(낮은 쿠션)
0AUDLJ08S_00844.mp4,빠르게 앞무릎 올리기,http://openapi.kspo.or.kr/web/video/0AUDLJ08S_00844.mp4,56,청소년,0.0,0.0,0.0,0.0,0.0,1.0,박스
0AUDLJ08S_00829.mp4,무릎 높이들어 뛰기,http://openapi.kspo.or.kr/web/video/0AUDLJ08S_00829.mp4,56,청소년,0.0,0.0,0.0,0.0,0.0,1.0,
0AUDLJ08S_00567.mp4,스텝퍼 뛰어서 오르내리기,http://openapi.kspo.or.kr/web/video/0AUDLJ08S_00567.mp4,57,공통,0.0,0.0,0.0,0.0,0.5,0.5,스텝퍼
0AUDLJ08S_00522.mp4,의자에 한 다리 올리고 앉았다 일어서기,http://openapi.kspo.or.kr/web/video/0AUDLJ08S_00522.mp4,57,공통,1.0,0.0,0.0,0.0,0.0,0.0,의자
0AUDLJ08S_00834.mp4,제자리 멀리 뛰기-1,http://openapi.kspo.or.kr/web/video/0AUDLJ08S_00834.mp4,57,청소년,0.0,0.0,0.0,0.0,0.0,1.0,
0AUDLJ08S_00528.mp4,서서 뒤꿈치 들기,http://openapi.kspo.or.kr/web/video/0AUDLJ08S_00528.mp4,57,공통,1.0,0.0,0.0,0.0,0.0,0.0,의자|밴드|짐볼
0AUDLJ08S_00608.mp4,진자운동,http://openapi.kspo.or.kr/web/video/0AUDLJ08S_00608.mp4,57,공통,0.0,0.0,0.0,1.0,0.0,0.0,의자
0AUDLJ08S_00303.mp4,앉아서팔꿈치굽히기/펴기,http://openapi.kspo.or.kr/web/video/0AUDLJ08S_00303.mp4,57,공통,1.0,0.0,0.0,0.0,0.0,0.0,덤벨
0AUDLJ08S_00609.mp4,옆으로 누워서 팔 앞으로 당기기,http://openapi.kspo.or.kr/web/video/0AUDLJ08S_00609.mp4,57,공통,0.0,0.0,0.0,1.0,0.0,0.0,베개
0AUDLJ08S_00613.mp4,누워서 막대 잡고 팔 들어올리기,http://openapi.kspo.or.kr/web/video/0AUDLJ08S_00613.mp4,57,공통,0.0,0.0,0.0,1.0,0.0,0.0,막대
0AUDLJ08S_00292.mp4,짐볼 들고 양옆으로 돌리기,http://openapi.kspo.or.kr/web/video/0AUDLJ08S_00292.mp4,57,공통,1.0,0.0,0.0,0.0,0.0,0.0,짐볼
0AUDLJ08S_00612.mp4,막대 잡고 팔 안쪽/바깥 돌림,http://openapi.kspo.or.kr/web/video/0AUDLJ08S_00612.mp4,57,공통,0.0,0.0,0.0,1.0,0.0,0.0,막대
0AUDLJ08S_00618.mp4,수건 잡고 팔 들어올리기,http://openapi.kspo.or.kr/web/video/0AUDLJ08S_00618.mp4,57,공통,0.0,0.0,0.0,1.0,0.0,0.0,수건
0AUDLJ08S_00617.mp4,벌림 밸런스 운동,http://openapi.kspo.or.kr/web/video/0AUDLJ08S_00617.mp4,57,공통,0.0,0.0,0.0,1.0,0.0,0.0,아령
0AUDLJ08S_00616.mp4,굽힘 밸런스운동,http://openapi.kspo.or.kr/web/video/0AUDLJ08S_00616.mp4,57,공통,0.0,0.0,0.0,1.0,0.0,0.0,덤벨
0AUDLJ08S_00614.mp4,누워서 막대 잡고 팔 회전하기,http://openapi.kspo.or.kr/web/video/0AUDLJ08S_00614.mp4,57,공통,0.0,0.0,0.0,1.0,0.0,0.0,막대
0AUDLJ08S_00548.mp4,네발기기 자세에서 손바닥으로 바닥밀기,http://openapi.kspo.or.kr/web/video/0AUDLJ08S_00548.mp4,57,공통,1.0,0.0,0.0,0.0,0.0,0.0,매트
0AUDLJ08S_00615.mp4,막대 잡고 대각선으로 팔 들어올리기,http://openapi.kspo.or.kr/web/video/0AUDLJ08S_00615.mp4,57,공통,0.0,0.0,0.0,1.0,0.0,0.0,막대
0AUDLJ08S_00619.mp4,등척성운동(벌림),http://openapi.kspo.or.kr/web/video/0AUDLJ08S_00619.mp4,58,공통,0.0,0.0,0.0,1.0,0.0,0.0,수건
0AUDLJ08S_00265.mp4,의자에 한 다리 올리고 앉았다 일어서기,http://openapi.kspo.or.kr/web/video/0AUDLJ08S_00265.mp4,58,공통,1.0,0.0,0.0,0.0,0.0,0.0,의자|테이블
0AUDLJ08S_00621.mp4,등척성 운동(안쪽돌림),http://openapi.kspo.or.kr/web/video/0AUDLJ08S_00621.mp4,58,공통,0.0,0.0,0.0,1.0,0.0,0.0,수건
0AUDLJ08S_00253.mp4,팔꿈치 굽히기,http://openapi.kspo.or.kr/web/video/0AUDLJ08S_00253.mp4,58,공통,1.0,0.0,0.0,0.0,0.0,0.0,물병|밴드
0AUDLJ08S_00810.mp4,양발 모아 좌우 뛰기,http://openapi.kspo.or.kr/web/video/0AUDLJ08S_00810.mp4,58,청소년,0.0,0.0,0.0,0.0,1.0,0.0,사다리
0AUDLJ08S_00239.mp4,누워서 팔 다리 동시에 들어올리기,http://openapi.kspo.or.kr/web/video/0AUDLJ08S_00239.mp4,58,공통,1.0,0.0,0.0,0.0,0.0,0.0,
0AUDLJ08S_00828.mp4,뒤꿈치 높이들어 뛰기,http://openapi.kspo.or.kr/web/video/0AUDLJ08S_00828.mp4,58,청소년,0.0,0.0,0.0,0.0,0.0,1.0,
0AUDLJ08S_00236.mp4,엎드려 버티기,http://openapi.kspo.or.kr/web/video/0AUDLJ08S_00236.mp4,58,공통,1.0,0.0,0.0,0.0,0.0,0.0,매트
0AUDLJ08S_00620.mp4,등척성 운동(바깥돌림),http://openapi.kspo.or.kr/web/video/0AUDLJ08S_00620.mp4,58,공통,0.0,0.0,0.0,1.0,0.0,0.0,수건
0AUDLJ08S_00811.mp4,한발 연속 뛰기,http://openapi.kspo.or.kr/web/video/0AUDLJ08S_00811.mp4,59,청소년,0.0,0.0,0.0,0.0,1.0,0.0,사다리
0AUDLJ08S_00254.mp4,목 굽힘/폄 I,http://openapi.kspo.or.kr/web/video/0AUDLJ08S_00254.mp4,59,공통,1.0,0.0,0.0,0.0,0.0,0.0,매트
0AUDLJ08S_00266.mp4,의자에 앉아 다리 뻗어 올리기,http://openapi.kspo.or.kr/web/video/0AUDLJ08S_00266.mp4,59,공통,1.0,0.0,0.0,0.0,0.0,0.0,의자|매트
0AUDLJ08S_00267.mp4,앉아서 엉덩관절 굽히기,http://openapi.kspo.or.kr/web/video/0AUDLJ08S_00267.mp4,59,공통,1.0,0.0,0.0,0.0,0.0,0.0,의자
0AUDLJ08S_00529.mp4,한발 서서 균형잡기,http://openapi.kspo.or.kr/web/video/0AUDLJ08S_00529.mp4,59,공통,1.0,0.0,0.0,0.0,0.0,0.0,의자
0AUDLJ08S_00837.mp4,양팔 벌려 높이 뛰기,http://openapi.kspo.or.kr/web/video/0AUDLJ08S_00837.mp4,60,청소년,0.0,0.0,0.0,0.0,0.0,1.0,
0AUDLJ08S_00812.mp4,양발 모았다 벌려뛰기,http://openapi.kspo.or.kr/web/video/0AUDLJ08S_00812.mp4,60,청소년,0.0,0.0,0.0,0.0,1.0,0.0,사다리
0AUDLJ08S_00603.mp4,공에 엎드려서 상체 들어올리기,http://openapi.kspo.or.kr/web/video/0AUDLJ08S_00603.mp4,60,공통,0.0,0.0,0.0,1.0,0.0,0.0,짐볼
0AUDLJ08S_00843.mp4,사이드 스텝 점프하기,http://openapi.kspo.or.kr/web/video/0AUDLJ08S_00843.mp4,60,청소년,0.0,0.0,0.0,0.0,0.0,1.0,박스
0AUDLJ08S_00623.mp4,수건 이용하여 장딴지 늘리기,http://openapi.kspo.or.kr/web/video/0AUDLJ08S_00623.mp4,61,공통,0.0,0.0,0.0,1.0,0.0,0.0,수건
0AUDLJ08S_00839.mp4,사이드 한발 뛰기,http://openapi.kspo.or.kr/web/video/0AUDLJ08S_00839.mp4,61,청소년,0.0,0.0,0.0,0.0,0.0,1.0,
0AUDLJ08S_00624.mp4,수동적 관절가동범위 운동,http://openapi.kspo.or.kr/web/video/0AUDLJ08S_00624.mp4,61,공통,0.0,0.0,0.0,1.0,0.0,0.0,의자
0AUDLJ08S_00525.mp4,서서 다리 뒤로차기,http://openapi.kspo.or.kr/web/video/0AUDLJ08S_00525.mp4,61,공통,1.0,0.0,0.0,0.0,0.0,0.0,의자|테이블
0AUDLJ08S_00832.mp4,팔 벌려 뛰기-1,http://openapi.kspo.or.kr/web/video/0AUDLJ08S_00832.mp4,61,청소년,0.0,0.0,0.0,0.0,0.0,1.0,
0AUDLJ08S_00840.mp4,다리 뻗어 점프하기,http://openapi.kspo.or.kr/web/video/0AUDLJ08S_00840.mp4,61,청소년,0.0,0.0,0.0,0.0,0.0,1.0,
0AUDLJ08S_00622.mp4,탄력밴드 당기면서 팔 들어올리기,http://openapi.kspo.or.kr/web/video/0AUDLJ08S_00622.mp4,62,공통,0.0,0.0,0.0,1.0,0.0,0.0,밴드
0AUDLJ08S_00520.mp4,의자 앞에서 앉았다 일어서기,http://openapi.kspo.or.kr/web/video/0AUDLJ08S_00520.mp4,62,공통,1.0,0.0,0.0,0.0,0.0,0.0,의자
0AUDLJ08S_00817.mp4,뒷발 교차 뛰기,http://openapi.kspo.or.kr/web/video/0AUDLJ08S_00817.mp4,63,청소년,0.0,0.0,0.0,0.0,1.0,0.0,사다리
0AUDLJ08S_00247.mp4,네발기기 자세에서 다리 위로 뻗어올리기,http://openapi.kspo.or.kr/web/video/0AUDLJ08S_00247.mp4,63,공통,1.0,0.0,0.0,0.0,0.0,0.0,매트
0AUDLJ08S_00278.mp4,탄력밴드 어깨 가쪽 돌림,http://openapi.kspo.or.kr/web/video/0AUDLJ08S_00278.mp4,63,공통,1.0,0.0,0.0,0.0,0.0,0.0,밴드
0AUDLJ08S_00966.mp4,전진 점프하며 발 뒤꿈치 찍기,http://openapi.kspo.or.kr/web/video/0AUDLJ08S_00966.mp4,63,청소년,0.0,0.0,0.0,1.0,0.0,0.0,
0AUDLJ08S_00233.mp4,한발 앞으로 내밀고 앉았다 일어서기-1,http://openapi.kspo.or.kr/web/video/0AUDLJ08S_00233.mp4,64,공통,1.0,0.0,0.0,0.0,0.0,0.0,밴드
0AUDLJ08S_00998.mp4,온 몸 뻗어주기,http://openapi.kspo.or.kr/web/video/0AUDLJ08S_00998.mp4,64,청소년,0.0,0.0,0.0,1.0,0.0,0.0,매트
0AUDLJ08S_00540.mp4,누워서 다리 좌우로 움직이기,http://openapi.kspo.or.kr/web/video/0AUDLJ08S_00540.mp4,64,공통,1.0,0.0,0.0,0.0,0.0,0.0,공
0AUDLJ08S_00607.mp4,좌우 회전,http://openapi.kspo.or.kr/web/video/0AUDLJ08S_00607.mp4,65,공통,0.0,0.0,0.0,1.0,0.0,0.0,의자
0AUDLJ08S_00606.mp4,좌우 굴곡,http://openapi.kspo.or.kr/web/video/0AUDLJ08S_00606.mp4,65,공통,0.0,0.0,0.0,1.0,0.0,0.0,의자
0AUDLJ08S_00583.mp4,가슴/어깨 앞쪽 스트레칭,http://openapi.kspo.or.kr/web/video/0AUDLJ08S_00583.mp4,65,공통,0.0,0.0,0.0,1.0,0.0,0.0,
0AUDLJ08S_00561.mp4,목 굽힘/폄Ⅱ,http://openapi.kspo.or.kr/web/video/0AUDLJ08S_00561.mp4,65,공통,1.0,0.0,0.0,0.0,0.0,0.0,수건
0AUDLJ08S_00284.mp4,밴드 머리 뒤로 들어올리기,http://openapi.kspo.or.kr/web/video/0AUDLJ08S_00284.mp4,65,공통,1.0,0.0,0.0,0.0,0.0,0.0,밴드
0AUDLJ08S_00544.mp4,누워서 엉덩이 들어올리기,http://openapi.kspo.or.kr/web/video/0AUDLJ08S_00544.mp4,65,공통,1.0,0.0,0.0,0.0,0.0,0.0,매트|의자|짐볼
0AUDLJ08S_00271.mp4,소파를 이용한 윗몸올리기,http://openapi.kspo.or.kr/web/video/0AUDLJ08S_00271.mp4,65,공통,1.0,0.0,0.0,0.0,0.0,0.0,소파
0AUDLJ08S_00336.mp4,테이블 이용하여 팔 들어올리기,http://openapi.kspo.or.kr/web/video/0AUDLJ08S_00336.mp4,66,공통,0.0,0.0,0.0,1.0,0.0,0.0,테이블
0AUDLJ08S_00560.mp4,목 굽힘/폄Ⅰ,http://openapi.kspo.or.kr/web/video/0AUDLJ08S_00560.mp4,66,공통,1.0,0.0,0.0,0.0,0.0,0.0,
0AUDLJ08S_00518.mp4,서서 상체 일으키기,http://openapi.kspo.or.kr/web/video/0AUDLJ08S_00518.mp4,66,공통,1.0,0.0,0.0,0.0,0.0,0.0,물병|밴드
0AUDLJ08S_00251.mp4,허리 굽혀 팔 뒤로 들기,http://openapi.kspo.or.kr/web/video/0AUDLJ08S_00251.mp4,66,공통,1.0,0.0,0.0,0.0,0.0,0.0,물병(밴드)
0AUDLJ08S_00464.mp4,줄넘기,http://openapi.kspo.or.kr/web/video/0AUDLJ08S_00464.mp4,67,공통,0.0,0.0,1.0,0.0,0.0,0.0,줄넘기
0AUDLJ08S_00500.mp4,몸통 옆으로 굽히기,http://openapi.kspo.or.kr/web/video/0AUDLJ08S_00500.mp4,67,공통,1.0,0.0,0.0,0.0,0.0,0.0,덤벨
0AUDLJ08S_00243.mp4,누워서 엉덩이 들어올리기,http://openapi.kspo.or.kr/web/video/0AUDLJ08S_00243.mp4,67,공통,1.0,0.0,0.0,0.0,0.0,0.0,매트|소파|짐볼
0AUDLJ08S_00808.mp4,빠른 발 뛰기,http://openapi.kspo.or.kr/web/video/0AUDLJ08S_00808.mp4,67,청소년,0.0,0.0,0.0,0.0,1.0,0.0,사다리
0AUDLJ08S_00286.mp4,짐볼 윗몸올리기,http://openapi.kspo.or.kr/web/video/0AUDLJ08S_00286.mp4,67,공통,1.0,0.0,0.0,0.0,0.0,0.0,짐볼
0AUDLJ08S_00531.mp4,누워서 배가로근 수축Ⅰ,http://openapi.kspo.or.kr/web/video/0AUDLJ08S_00531.mp4,67,공통,1.0,0.0,0.0,0.0,0.0,0.0,매트
0AUDLJ08S_00542.mp4,누워서 수직으로 다리 들어올리기,http://openapi.kspo.or.kr/web/video/0AUDLJ08S_00542.mp4,67,공통,1.0,0.0,0.0,0.0,0.0,0.0,매트|소파
0AUDLJ08S_00524.mp4,앉아서 엉덩관절 굽히기,http://openapi.kspo.or.kr/web/video/0AUDLJ08S_00524.mp4,68,공통,1.0,0.0,0.0,0.0,0.0,0.0,의자|짐볼|소파
0AUDLJ08S_00276.mp4,서서 다리로 탄력밴드 당기기 II,http://openapi.kspo.or.kr/web/video/0AUDLJ08S_00276.mp4,68,공통,1.0,0.0,0.0,0.0,0.0,0.0,밴드
0AUDLJ08S_00298.mp4,누워서 공들고 몸 기울이기,http://openapi.kspo.or.kr/web/video/0AUDLJ08S_00298.mp4,68,공통,1.0,0.0,0.0,0.0,0.0,0.0,공
0AUDLJ08S_00545.mp4,짐볼에 다리올리고 엉덩이 들어올리기,http://openapi.kspo.or.kr/web/video/0AUDLJ08S_00545.mp4,68,공통,1.0,0.0,0.0,0.0,0.0,0.0,짐볼
0AUDLJ08S_00512.mp4,서서 균형잡기,http://openapi.kspo.or.kr/web/video/0AUDLJ08S_00512.mp4,68,공통,1.0,0.0,0.0,0.0,0.0,0.0,보슈
0AUDLJ08S_00503.mp4,누워서 덤벨 모아들기,http://openapi.kspo.or.kr/web/video/0AUDLJ08S_00503.mp4,68,공통,1.0,0.0,0.0,0.0,0.0,0.0,덤벨
0AUDLJ08S_00283.mp4,밴드 잡고 누워서 다리 밀기,http://openapi.kspo.or.kr/web/video/0AUDLJ08S_00283.mp4,68,공통,1.0,0.0,0.0,0.0,0.0,0.0,밴드
0AUDLJ08S_00240.mp4,윗몸올리기,http://openapi.kspo.or.kr/web/video/0AUDLJ08S_00240.mp4,69,공통,1.0,0.0,0.0,0.0,0.0,0.0,매트
0AUDLJ08S_00519.mp4,앉았다 일어서기-1,http://openapi.kspo.or.kr/web/video/0AUDLJ08S_00519.mp4,69,공통,1.0,0.0,0.0,0.0,0.0,0.0,짐볼
0AUDLJ08S_00521.mp4,한발 앞으로 내밀고 앉았다 일어서기,http://openapi.kspo.or.kr/web/video/0AUDLJ08S_00521.mp4,69,공통,1.0,0.0,0.0,0.0,0.0,0.0,밴드|물통
0AUDLJ08S_00605.mp4,앞 뒤 굴곡,http://openapi.kspo.or.kr/web/video/0AUDLJ08S_00605.mp4,69,공통,0.0,0.0,0.0,1.0,0.0,0.0,
0AUDLJ08S_00539.mp4,누워서 팔 다리 동시에 들어올리기,http://openapi.kspo.or.kr/web/video/0AUDLJ08S_00539.mp4,69,공통,1.0,0.0,0.0,0.0,0.0,0.0,매트|공
0AUDLJ08S_00553.mp4,짐볼에 다리 올리고 좌우로 움직이기,http://openapi.kspo.or.kr/web/video/0AUDLJ08S_00553.mp4,69,공통,1.0,0.0,0.0,0.0,0.0,0.0,짐볼
0AUDLJ08S_00554.mp4,네발기기 자세에서 다리 위로 뻗어올리기,http://openapi.kspo.or.kr/web/video/0AUDLJ08S_00554.mp4,69,공통,1.0,0.0,0.0,0.0,0.0,0.0,밴드
0AUDLJ08S_00965.mp4,전진 점프하며 발바닥 찍기,http://openapi.kspo.or.kr/web/video/0AUDLJ08S_00965.mp4,69,청소년,0.0,0.0,0.0,1.0,0.0,0.0,
0AUDLJ08S_00511.mp4,앉아서 팔꿈치 굽히기/펴기,http://openapi.kspo.or.kr/web/video/0AUDLJ08S_00511.mp4,69,공통,1.0,0.0,0.0,0.0,0.0,0.0,아령
0AUDLJ08S_00550.mp4,짐볼에 엎드려서 몸통 젖히기,http://openapi.kspo.or.kr/web/video/0AUDLJ08S_00550.mp4,70,공통,1.0,0.0,0.0,0.0,0.0,0.0,짐볼
0AUDLJ08S_00546.mp4,네발기기 자세로 팔 다리 들기,http://openapi.kspo.or.kr/web/video/0AUDLJ08S_00546.mp4,70,공통,1.0,0.0,0.0,0.0,0.0,0.0,매트
0AUDLJ08S_00526.mp4,서서 다리로 탄력밴드 당기기Ⅰ,http://openapi.kspo.or.kr/web/video/0AUDLJ08S_00526.mp4,71,공통,1.0,0.0,0.0,0.0,0.0,0.0,밴드
0AUDLJ08S_00846.mp4,좌우 양발모아 점프하기,http://openapi.kspo.or.kr/web/video/0AUDLJ08S_00846.mp4,71,청소년,0.0,0.0,0.0,0.0,0.0,1.0,박스
0AUDLJ08S_00588.mp4,엉덩이 스트레칭,http://openapi.kspo.or.kr/web/video/0AUDLJ08S_00588.mp4,71,공통,0.0,0.0,0.0,1.0,0.0,0.0,매트
0AUDLJ08S_00816.mp4,크게 다리벌려 교차 뛰기,http://openapi.kspo.or.kr/web/video/0AUDLJ08S_00816.mp4,71,청소년,0.0,0.0,0.0,0.0,1.0,0.0,사다리
0AUDLJ08S_00849.mp4,좌우 이동하며 팔굽혀펴기,http://openapi.kspo.or.kr/web/video/0AUDLJ08S_00849.mp4,72,청소년,0.0,0.0,0.0,0.0,0.0,1.0,박스
0AUDLJ08S_00534.mp4,짐볼 윗몸 올리기,http://openapi.kspo.or.kr/web/video/0AUDLJ08S_00534.mp4,72,공통,1.0,0.0,0.0,0.0,0.0,0.0,짐볼
0AUDLJ08S_00533.mp4,윗몸 올리기,http://openapi.kspo.or.kr/web/video/0AUDLJ08S_00533.mp4,72,공통,1.0,0.0,0.0,0.0,0.0,0.0,매트
0AUDLJ08S_00514.mp4,윗몸 말아 올리기,http://openapi.kspo.or.kr/web/video/0AUDLJ08S_00514.mp4,72,공통,1.0,0.0,0.0,0.0,0.0,0.0,보슈
0AUDLJ08S_00538.mp4,누워서 다리 들어올리기,http://openapi.kspo.or.kr/web/video/0AUDLJ08S_00538.mp4,72,공통,1.0,0.0,0.0,0.0,0.0,0.0,매트
0AUDLJ08S_00814.mp4,한발 앞뒤 교차 뛰기,http://openapi.kspo.or.kr/web/video/0AUDLJ08S_00814.mp4,72,청소년,0.0,0.0,0.0,0.0,1.0,0.0,사다리
0AUDLJ08S_00835.mp4,앞굽이 뛰기,http://openapi.kspo.or.kr/web/video/0AUDLJ08S_00835.mp4,73,청소년,0.0,0.0,0.0,0.0,0.0,1.0,
0AUDLJ08S_00813.mp4,빠른 발 안팎 뛰기,http://openapi.kspo.or.kr/web/video/0AUDLJ08S_00813.mp4,73,청소년,0.0,0.0,0.0,0.0,1.0,0.0,사다리
0AUDLJ08S_00996.mp4,서서 발목 뒤로 당기기,http://openapi.kspo.or.kr/web/video/0AUDLJ08S_00996.mp4,73,청소년,0.0,0.0,0.0,1.0,0.0,0.0,의자
0AUDLJ08S_00245.mp4,엎드려서 팔 다리 들기,http://openapi.kspo.or.kr/web/video/0AUDLJ08S_00245.mp4,73,공통,1.0,0.0,0.0,0.0,0.0,0.0,매트
0AUDLJ08S_00809.mp4,엇박자 뛰기,http://openapi.kspo.or.kr/web/video/0AUDLJ08S_00809.mp4,74,청소년,0.0,0.0,0.0,0.0,1.0,0.0,사다리
0AUDLJ08S_00584.mp4,아래 팔 스트레칭,http://openapi.kspo.or.kr/web/video/0AUDLJ08S_00584.mp4,74,공통,0.0,0.0,0.0,1.0,0.0,0.0,
0AUDLJ08S_00878.mp4,V자 싸이클,http://openapi.kspo.or.kr/web/video/0AUDLJ08S_00878.mp4,74,청소년,0.5,0.5,0.0,0.0,0.0,0.0,매트
0AUDLJ08S_00847.mp4,한발로 점프하기,http://openapi.kspo.or.kr/web/video/0AUDLJ08S_00847.mp4,75,청소년,0.0,0.0,0.0,0.0,0.0,1.0,스텝박스
0AUDLJ08S_00527.mp4,서서 다리로 턴력밴드 당기기Ⅱ,http://openapi.kspo.or.kr/web/video/0AUDLJ08S_00527.mp4,76,공통,1.0,0.0,0.0,0.0,0.0,0.0,밴드
0AUDLJ08S_00582.mp4,등/어깨 뒤쪽 스트레칭-1,http://openapi.kspo.or.kr/web/video/0AUDLJ08S_00582.mp4,77,공통,0.0,0.0,0.0,1.0,0.0,0.0,짐볼
0AUDLJ08S_00972.mp4,다리 들어올리기,http://openapi.kspo.or.kr/web/video/0AUDLJ08S_00972.mp4,77,청소년,0.0,0.0,0.0,1.0,0.0,0.0,
0AUDLJ08S_00587.mp4,옆구리 스트레칭,http://openapi.kspo.or.kr/web/video/0AUDLJ08S_00587.mp4,77,공통,0.0,0.0,0.0,1.0,0.0,0.0,매트|짐볼
0AUDLJ08S_00959.mp4,목 돌리기,http://openapi.kspo.or.kr/web/video/0AUDLJ08S_00959.mp4,77,청소년,0.0,0.0,0.0,1.0,0.0,0.0,
0AUDLJ08S_00557.mp4,허리 굽혀 팔 뒤로 들기,http://openapi.kspo.or.kr/web/video/0AUDLJ08S_00557.mp4,77,공통,1.0,0.0,0.0,0.0,0.0,0.0,물병|밴드
0AUDLJ08S_00589.mp4,넙다리 뒤쪽 스트레칭,http://openapi.kspo.or.kr/web/video/0AUDLJ08S_00589.mp4,77,공통,0.0,0.0,0.0,1.0,0.0,0.0,매트
0AUDLJ08S_00836.mp4,앉았다 일어나며 점프하기,http://openapi.kspo.or.kr/web/video/0AUDLJ08S_00836.mp4,78,청소년,0.0,0.0,0.0,0.0,0.0,1.0,
0AUDLJ08S_00891.mp4,버피 테스트,http://openapi.kspo.or.kr/web/video/0AUDLJ08S_00891.mp4,78,청소년,0.5,0.5,0.0,0.0,0.0,0.0,
0AUDLJ08S_00535.mp4,소파를 이용한 윗몸 올리기,http://openapi.kspo.or.kr/web/video/0AUDLJ08S_00535.mp4,78,공통,1.0,0.0,0.0,0.0,0.0,0.0,소파
0AUDLJ08S_00964.mp4,빠르게 무릎 올려찍기,http://openapi.kspo.or.kr/web/video/0AUDLJ08S_00964.mp4,78,청소년,0.0,0.0,0.0,1.0,0.0,0.0,
0AUDLJ08S_00976.mp4,목 당기기,http://openapi.kspo.or.kr/web/video/0AUDLJ08S_00976.mp4,78,청소년,0.0,0.0,0.0,1.0,0.0,0.0,
0AUDLJ08S_00850.mp4,팔굽혀펴기 후 점프하기,http://openapi.kspo.or.kr/web/video/0AUDLJ08S_00850.mp4,79,청소년,0.0,0.0,0.0,0.0,0.0,1.0,박스
0AUDLJ08S_00903.mp4,팔꿈치 고정 후 벌리기,http://openapi.kspo.or.kr/web/video/0AUDLJ08S_00903.mp4,79,청소년,0.5,0.5,0.0,0.0,0.0,0.0,밴드
0AUDLJ08S_00909.mp4,한 발 끌어당기기,http://openapi.kspo.or.kr/web/video/0AUDLJ08S_00909.mp4,80,청소년,0.5,0.5,0.0,0.0,0.0,0.0,밴드
0AUDLJ08S_00968.mp4,옆으로 팔 벌리며 점프하기,http://openapi.kspo.or.kr/web/video/0AUDLJ08S_00968.mp4,80,청소년,0.0,0.0,0.0,1.0,0.0,0.0,
0AUDLJ08S_00967.mp4,허리숙여 양팔 돌리기,http://openapi.kspo.or.kr/web/video/0AUDLJ08S_00967.mp4,80,청소년,0.0,0.0,0.0,1.0,0.0,0.0,
0AUDLJ08S_00986.mp4,척추 들어올리기,http://openapi.kspo.or.kr/web/video/0AUDLJ08S_00986.mp4,81,청소년,0.0,0.0,0.0,1.0,0.0,0.0,매트
0AUDLJ08S_00349.mp4,밴드잡고 머리 위에서 팔꿈치 펴기,http://openapi.kspo.or.kr/web/video/0AUDLJ08S_00349.mp4,81,공통,0.0,0.0,0.0,1.0,0.0,0.0,밴드
0AUDLJ08S_00913.mp4,다리 감아올리기,http://openapi.kspo.or.kr/web/video/0AUDLJ08S_00913.mp4,81,청소년,0.5,0.5,0.0,0.0,0.0,0.0,밴드
0AUDLJ08S_00924.mp4,발목 돌리기,http://openapi.kspo.or.kr/web/video/0AUDLJ08S_00924.mp4,81,청소년,0.0,0.0,0.0,1.0,0.0,0.0,매트
0AUDLJ08S_00590.mp4,넙다리 앞쪽 스트레칭,http://openapi.kspo.or.kr/web/video/0AUDLJ08S_00590.mp4,81,공통,0.0,0.0,0.0,1.0,0.0,0.0,
0AUDLJ08S_00231.mp4,서서 상체 일으키기,http://openapi.kspo.or.kr/web/video/0AUDLJ08S_00231.mp4,82,공통,1.0,0.0,0.0,0.0,0.0,0.0,덤벨|물병|밴드
0AUDLJ08S_00887.mp4,엎드려 팔다리 교차올리기,http://openapi.kspo.or.kr/web/video/0AUDLJ08S_00887.mp4,82,청소년,0.5,0.5,0.0,0.0,0.0,0.0,매트
0AUDLJ08S_00988.mp4,의자에 앉아 옆구리 숙이기,http://openapi.kspo.or.kr/web/video/0AUDLJ08S_00988.mp4,82,청소년,0.0,0.0,0.0,1.0,0.0,0.0,의자
0AUDLJ08S_00305.mp4,엎드려서 균형잡기,http://openapi.kspo.or.kr/web/video/0AUDLJ08S_00305.mp4,82,공통,1.0,0.0,0.0,0.0,0.0,0.0,보슈
0AUDLJ08S_00256.mp4,목 굽힘/폄 III,http://openapi.kspo.or.kr/web/video/0AUDLJ08S_00256.mp4,82,공통,1.0,0.0,0.0,0.0,0.0,0.0,매트
0AUDLJ08S_00562.mp4,목 굽힘/폄Ⅲ,http://openapi.kspo.or.kr/web/video/0AUDLJ08S_00562.mp4,83,공통,1.0,0.0,0.0,0.0,0.0,0.0,매트
0AUDLJ08S_00530.mp4,방등 굽힘/발바닥 굽힘,http://openapi.kspo.or.kr/web/video/0AUDLJ08S_00530.mp4,83,공통,1.0,0.0,0.0,0.0,0.0,0.0,수건
0AUDLJ08S_00978.mp4,팔꿈치 머리 뒤로 젖히기,http://openapi.kspo.or.kr/web/video/0AUDLJ08S_00978.mp4,83,청소년,0.0,0.0,0.0,1.0,0.0,0.0,
0AUDLJ08S_00552.mp4,서서 탄력밴드 당겨내리기/올리기,http://openapi.kspo.or.kr/web/video/0AUDLJ08S_00552.mp4,84,공통,1.0,0.0,0.0,0.0,0.0,0.0,밴드
0AUDLJ08S_00979.mp4,의자에 앉아 가슴 뒤로 젖히기,http://openapi.kspo.or.kr/web/video/0AUDLJ08S_00979.mp4,84,청소년,0.0,0.0,0.0,1.0,0.0,0.0,의자
0AUDLJ08S_00963.mp4,무릎굽혀 원 그리기,http://openapi.kspo.or.kr/web/video/0AUDLJ08S_00963.mp4,84,청소년,0.0,0.0,0.0,1.0,0.0,0.0,
0AUDLJ08S_00883.mp4,다리 뻗어 올리기,http://openapi.kspo.or.kr/web/video/0AUDLJ08S_00883.mp4,84,청소년,0.5,0.5,0.0,0.0,0.0,0.0,박스
0AUDLJ08S_00989.mp4,무릎 당겨올리기,http://openapi.kspo.or.kr/web/video/0AUDLJ08S_00989.mp4,84,청소년,0.0,0.0,0.0,1.0,0.0,0.0,의자
0AUDLJ08S_00914.mp4,한 발 뒤로 들어올리기,http://openapi.kspo.or.kr/web/video/0AUDLJ08S_00914.mp4,85,청소년,0.5,0.5,0.0,0.0,0.0,0.0,밴드
0AUDLJ08S_00983.mp4,의자에 앉아 가슴·몸통 말아주기,http://openapi.kspo.or.kr/web/video/0AUDLJ08S_00983.mp4,85,청소년,0.0,0.0,0.0,1.0,0.0,0.0,의자
0AUDLJ08S_00908.mp4,한 발 들어올리기,http://openapi.kspo.or.kr/web/video/0AUDLJ08S_00908.mp4,85,청소년,0.5,0.5,0.0,0.0,0.0,0.0,밴드
0AUDLJ08S_00977.mp4,깍지끼고 목 들어올리기,http://openapi.kspo.or.kr/web/video/0AUDLJ08S_00977.mp4,85,청소년,0.0,0.0,0.0,1.0,0.0,0.0,
0AUDLJ08S_00970.mp4,네발 걷기,http://openapi.kspo.or.kr/web/video/0AUDLJ08S_00970.mp4,85,청소년,0.0,0.0,0.0,1.0,0.0,0.0,
0AUDLJ08S_00532.mp4,누워서 배가로근 수축Ⅱ,http://openapi.kspo.or.kr/web/video/0AUDLJ08S_00532.mp4,86,공통,1.0,0.0,0.0,0.0,0.0,0.0,매트
0AUDLJ08S_00990.mp4,다리뻗어 상체 숙이기,http://openapi.kspo.or.kr/web/video/0AUDLJ08S_00990.mp4,86,청소년,0.0,0.0,0.0,1.0,0.0,0.0,매트
0AUDLJ08S_00971.mp4,전신 비틀며 전진하기,http://openapi.kspo.or.kr/web/video/0AUDLJ08S_00971.mp4,86,청소년,0.0,0.0,0.0,1.0,0.0,0.0,
0AUDLJ08S_00919.mp4,복식 호흡,http://openapi.kspo.or.kr/web/video/0AUDLJ08S_00919.mp4,86,청소년,0.0,0.0,0.0,1.0,0.0,0.0,매트
0AUDLJ08S_00961.mp4,무릎 들어올리기,http://openapi.kspo.or.kr/web/video/0AUDLJ08S_00961.mp4,87,청소년,0.0,0.0,0.0,1.0,0.0,0.0,의자
0AUDLJ08S_00962.mp4,다리들어 옆으로 올리기,http://openapi.kspo.or.kr/web/video/0AUDLJ08S_00962.mp4,87,청소년,0.0,0.0,0.0,1.0,0.0,0.0,의자
0AUDLJ08S_00888.mp4,팔다리 교차 버티기,http://openapi.kspo.or.kr/web/video/0AUDLJ08S_00888.mp4,88,청소년,0.5,0.5,0.0,0.0,0.0,0.0,매트
0AUDLJ08S_00918.mp4,고양이 자세,http://openapi.kspo.or.kr/web/video/0AUDLJ08S_00918.mp4,88,청소년,0.0,0.0,0.0,1.0,0.0,0.0,매트
0AUDLJ08S_00854.mp4,줄넘기-1,http://openapi.kspo.or.kr/web/video/0AUDLJ08S_00854.mp4,88,공통,0.0,0.0,1.0,0.0,0.0,0.0,줄넘기
0AUDLJ08S_00257.mp4,벽에서 팔굽혀 펴기,http://openapi.kspo.or.kr/web/video/0AUDLJ08S_00257.mp4,88,공통,1.0,0.0,0.0,0.0,0.0,0.0,밴드
0AUDLJ08S_00921.mp4,물고기 자세,http://openapi.kspo.or.kr/web/video/0AUDLJ08S_00921.mp4,89,청소년,0.0,0.0,0.0,1.0,0.0,0.0,매트
0AUDLJ08S_00585.mp4,허리 스트레칭,http://openapi.kspo.or.kr/web/video/0AUDLJ08S_00585.mp4,89,공통,0.0,0.0,0.0,1.0,0.0,0.0,매트|짐볼
0AUDLJ08S_00993.mp4,누워 발목 당겨주기,http://openapi.kspo.or.kr/web/video/0AUDLJ08S_00993.mp4,90,청소년,0.0,0.0,0.0,1.0,0.0,0.0,매트
0AUDLJ08S_00904.mp4,양팔 크게 벌리기,http://openapi.kspo.or.kr/web/video/0AUDLJ08S_00904.mp4,90,청소년,0.5,0.5,0.0,0.0,0.0,0.0,밴드
0AUDLJ08S_00987.mp4,엎드려 상체 들어올리기-2,http://openapi.kspo.or.kr/web/video/0AUDLJ08S_00987.mp4,91,청소년,0.0,0.0,0.0,1.0,0.0,0.0,매트
0AUDLJ08S_00982.mp4,다리굽혀 허리 비틀기,http://openapi.kspo.or.kr/web/video/0AUDLJ08S_00982.mp4,91,청소년,0.0,0.0,0.0,1.0,0.0,0.0,매트
0AUDLJ08S_00992.mp4,다리모아 무릎 누르기,http://openapi.kspo.or.kr/web/video/0AUDLJ08S_00992.mp4,91,청소년,0.0,0.0,0.0,1.0,0.0,0.0,매트
0AUDLJ08S_00727.mp4,등/어깨 뒤쪽 스트레칭,http://openapi.kspo.or.kr/web/video/0AUDLJ08S_00727.mp4,91,공통,0.0,0.0,0.0,1.0,0.0,0.0,의자
0AUDLJ08S_00932.mp4,모관운동,http://openapi.kspo.or.kr/web/video/0AUDLJ08S_00932.mp4,92,청소년,0.0,0.0,0.0,1.0,0.0,0.0,매트
0AUDLJ08S_00591.mp4,넙다리 안쪽 스트레칭,http://openapi.kspo.or.kr/web/video/0AUDLJ08S_00591.mp4,92,공통,0.0,0.0,0.0,1.0,0.0,0.0,매트
0AUDLJ08S_00995.mp4,서서 발목 누르기,http://openapi.kspo.or.kr/web/video/0AUDLJ08S_00995.mp4,92,청소년,0.0,0.0,0.0,1.0,0.0,0.0,의자
0AUDLJ08S_00886.mp4,연속 사이드 스쿼트,http://openapi.kspo.or.kr/web/video/0AUDLJ08S_00886.mp4,92,청소년,0.5,0.5,0.0,0.0,0.0,0.0,
0AUDLJ08S_00937.mp4,전갈자세,http://openapi.kspo.or.kr/web/video/0AUDLJ08S_00937.mp4,92,청소년,0.0,0.0,0.0,1.0,0.0,0.0,매트
0AUDLJ08S_00875.mp4,바로서서 상체 숙이기,http://openapi.kspo.or.kr/web/video/0AUDLJ08S_00875.mp4,93,청소년,0.5,0.5,0.0,0.0,0.0,0.0,
0AUDLJ08S_00944.mp4,몸통 비틀기-3,http://openapi.kspo.or.kr/web/video/0AUDLJ08S_00944.mp4,93,청소년,0.0,0.0,0.0,1.0,0.0,0.0,
0AUDLJ08S_00877.mp4,의자에 앉아 물병 들고 몸통 돌리기,http://openapi.kspo.or.kr/web/video/0AUDLJ08S_00877.mp4,93,청소년,0.5,0.5,0.0,0.0,0.0,0.0,물병
0AUDLJ08S_00885.mp4,앞굽이 앉았다 일어서기,http://openapi.kspo.or.kr/web/video/0AUDLJ08S_00885.mp4,94,청소년,0.5,0.5,0.0,0.0,0.0,0.0,의자
0AUDLJ08S_00969.mp4,팔 돌리며 점프하기,http://openapi.kspo.or.kr/web/video/0AUDLJ08S_00969.mp4,94,청소년,0.0,0.0,0.0,1.0,0.0,0.0,
0AUDLJ08S_00994.mp4,양발 교차하여 서서 몸통 숙이기,http://openapi.kspo.or.kr/web/video/0AUDLJ08S_00994.mp4,94,청소년,0.0,0.0,0.0,1.0,0.0,0.0,
0AUDLJ08S_00892.mp4,크런치 싸이클,http://openapi.kspo.or.kr/web/video/0AUDLJ08S_00892.mp4,95,청소년,0.5,0.5,0.0,0.0,0.0,0.0,매트
0AUDLJ08S_00906.mp4,앉아서 다리 올리기,http://openapi.kspo.or.kr/web/video/0AUDLJ08S_00906.mp4,96,청소년,0.5,0.5,0.0,0.0,0.0,0.0,밴드
0AUDLJ08S_00925.mp4,발 끝 당기기,http://openapi.kspo.or.kr/web/video/0AUDLJ08S_00925.mp4,96,청소년,0.0,0.0,0.0,1.0,0.0,0.0,매트
0AUDLJ08S_00960.mp4,팔꿈치 원 그리기,http://openapi.kspo.or.kr/web/video/0AUDLJ08S_00960.mp4,96,청소년,0.0,0.0,0.0,1.0,0.0,0.0,의자
0AUDLJ08S_00991.mp4,무릎당겨 다리 올리기,http://openapi.kspo.or.kr/web/video/0AUDLJ08S_00991.mp4,96,청소년,0.0,0.0,0.0,1.0,0.0,0.0,매트
0AUDLJ08S_00897.mp4,다리 넓게 벌려 앉았다 일어서기,http://openapi.kspo.or.kr/web/video/0AUDLJ08S_00897.mp4,97,청소년,0.5,0.5,0.0,0.0,0.0,0.0,
0AUDLJ08S_00882.mp4,누워 무릎 기울기,http://openapi.kspo.or.kr/web/video/0AUDLJ08S_00882.mp4,98,청소년,0.5,0.5,0.0,0.0,0.0,0.0,매트
0AUDLJ08S_00876.mp4,누워 다리 들어올리기,http://openapi.kspo.or.kr/web/video/0AUDLJ08S_00876.mp4,99,청소년,0.5,0.5,0.0,0.0,0.0,0.0,매트
0AUDLJ08S_00581.mp4,목 스트레칭,http://openapi.kspo.or.kr/web/video/0AUDLJ08S_00581.mp4,99,공통,0.0,0.0,0.0,1.0,0.0,0.0,
0AUDLJ08S_00586.mp4,배 스트레칭,http://openapi.kspo.or.kr/web/video/0AUDLJ08S_00586.mp4,99,공통,0.0,0.0,0.0,1.0,0.0,0.0,매트
0AUDLJ08S_00845.mp4,연속 하향 점프하기,http://openapi.kspo.or.kr/web/video/0AUDLJ08S_00845.mp4,101,청소년,0.0,0.0,0.0,0.0,0.0,1.0,박스
0AUDLJ08S_00900.mp4,몸통 옆으로 굽히기-1,http://openapi.kspo.or.kr/web/video/0AUDLJ08S_00900.mp4,101,청소년,0.5,0.5,0.0,0.0,0.0,0.0,덤벨
0AUDLJ08S_00984.mp4,서서 한팔 들어 오른쪽·왼쪽 뻗기,http://openapi.kspo.or.kr/web/video/0AUDLJ08S_00984.mp4,101,청소년,0.0,0.0,0.0,1.0,0.0,0.0,매트
0AUDLJ08S_00647.mp4,몸통 들어올리기-1,http://openapi.kspo.or.kr/web/video/0AUDLJ08S_00647.mp4,101,공통,1.0,0.0,0.0,0.0,0.0,0.0,
0AUDLJ08S_00973.mp4,자세낮춰 이동하기,http://openapi.kspo.or.kr/web/video/0AUDLJ08S_00973.mp4,102,청소년,0.0,0.0,0.0,1.0,0.0,0.0,
0AUDLJ08S_00917.mp4,앉았다 일어서며 팔 들어올리기,http://openapi.kspo.or.kr/web/video/0AUDLJ08S_00917.mp4,102,청소년,0.5,0.5,0.0,0.0,0.0,0.0,밴드
0AUDLJ08S_00943.mp4,나무자세,http://openapi.kspo.or.kr/web/video/0AUDLJ08S_00943.mp4,102,청소년,0.0,0.0,0.0,1.0,0.0,0.0,
0AUDLJ08S_00915.mp4,팔 들어 올리며 런지,http://openapi.kspo.or.kr/web/video/0AUDLJ08S_00915.mp4,102,청소년,0.5,0.5,0.0,0.0,0.0,0.0,밴드
0AUDLJ08S_00731.mp4,엉덩이 스트레칭-1,http://openapi.kspo.or.kr/web/video/0AUDLJ08S_00731.mp4,103,공통,0.0,0.0,0.0,1.0,0.0,0.0,의자
0AUDLJ08S_00910.mp4,옆으로 굽히기,http://openapi.kspo.or.kr/web/video/0AUDLJ08S_00910.mp4,103,청소년,0.5,0.5,0.0,0.0,0.0,0.0,밴드
0AUDLJ08S_00890.mp4,발 바꿔 뛰기,http://openapi.kspo.or.kr/web/video/0AUDLJ08S_00890.mp4,104,청소년,0.5,0.5,0.0,0.0,0.0,0.0,
0AUDLJ08S_00997.mp4,양발 벌려 무릎 밀어내기,http://openapi.kspo.or.kr/web/video/0AUDLJ08S_00997.mp4,104,청소년,0.0,0.0,0.0,1.0,0.0,0.0,
0AUDLJ08S_00933.mp4,다리자세,http://openapi.kspo.or.kr/web/video/0AUDLJ08S_00933.mp4,105,청소년,0.0,0.0,0.0,1.0,0.0,0.0,매트
0AUDLJ08S_00929.mp4,휴식자세,http://openapi.kspo.or.kr/web/video/0AUDLJ08S_00929.mp4,105,청소년,0.0,0.0,0.0,1.0,0.0,0.0,매트
0AUDLJ08S_00881.mp4,손 뻗어 윗몸 일으키기,http://openapi.kspo.or.kr/web/video/0AUDLJ08S_00881.mp4,106,청소년,0.5,0.5,0.0,0.0,0.0,0.0,매트
0AUDLJ08S_00920.mp4,반달 자세,http://openapi.kspo.or.kr/web/video/0AUDLJ08S_00920.mp4,106,청소년,0.0,0.0,0.0,1.0,0.0,0.0,
0AUDLJ08S_00922.mp4,누워 한발 원 그리기,http://openapi.kspo.or.kr/web/video/0AUDLJ08S_00922.mp4,106,청소년,0.0,0.0,0.0,1.0,0.0,0.0,매트
0AUDLJ08S_00930.mp4,결과부좌,http://openapi.kspo.or.kr/web/video/0AUDLJ08S_00930.mp4,107,청소년,0.0,0.0,0.0,1.0,0.0,0.0,매트
0AUDLJ08S_00724.mp4,목 스트레칭-2,http://openapi.kspo.or.kr/web/video/0AUDLJ08S_00724.mp4,108,공통,0.0,0.0,0.0,1.0,0.0,0.0,의자
0AUDLJ08S_00733.mp4,발가락 폄근 스트레칭,http://openapi.kspo.or.kr/web/video/0AUDLJ08S_00733.mp4,108,공통,0.0,0.0,0.0,1.0,0.0,0.0,의자
0AUDLJ08S_00726.mp4,팔꿈치 맞닿아 원그리기,http://openapi.kspo.or.kr/web/video/0AUDLJ08S_00726.mp4,109,공통,0.0,0.0,0.0,1.0,0.0,0.0,의자
0AUDLJ08S_00905.mp4,뒤로 팔 뻗기,http://openapi.kspo.or.kr/web/video/0AUDLJ08S_00905.mp4,109,청소년,0.5,0.5,0.0,0.0,0.0,0.0,밴드
0AUDLJ08S_00732.mp4,대퇴사두근 스트레칭-1,http://openapi.kspo.or.kr/web/video/0AUDLJ08S_00732.mp4,109,공통,0.0,0.0,0.0,1.0,0.0,0.0,의자
0AUDLJ08S_00985.mp4,옆구리 스트레칭-3,http://openapi.kspo.or.kr/web/video/0AUDLJ08S_00985.mp4,110,청소년,0.0,0.0,0.0,1.0,0.0,0.0,매트
0AUDLJ08S_00931.mp4,앉은 산 자세,http://openapi.kspo.or.kr/web/video/0AUDLJ08S_00931.mp4,110,청소년,0.0,0.0,0.0,1.0,0.0,0.0,매트
0AUDLJ08S_00974.mp4,다리벌려 풍차돌기,http://openapi.kspo.or.kr/web/video/0AUDLJ08S_00974.mp4,110,청소년,0.0,0.0,0.0,1.0,0.0,0.0,
0AUDLJ08S_00935.mp4,전사자세,http://openapi.kspo.or.kr/web/video/0AUDLJ08S_00935.mp4,110,청소년,0.0,0.0,0.0,1.0,0.0,0.0,매트
0AUDLJ08S_00911.mp4,발에 밴드걸고 윗몸일으키기,http://openapi.kspo.or.kr/web/video/0AUDLJ08S_00911.mp4,111,청소년,0.5,0.5,0.0,0.0,0.0,0.0,밴드
0AUDLJ08S_00923.mp4,엎드려 한발 원 그리기,http://openapi.kspo.or.kr/web/video/0AUDLJ08S_00923.mp4,111,청소년,0.0,0.0,0.0,1.0,0.0,0.0,매트
0AUDLJ08S_00848.mp4,연속 상향 점프하기,http://openapi.kspo.or.kr/web/video/0AUDLJ08S_00848.mp4,111,청소년,0.0,0.0,0.0,0.0,0.0,1.0,박스
0AUDLJ08S_00939.mp4,스타 투 니 풀,http://openapi.kspo.or.kr/web/video/0AUDLJ08S_00939.mp4,112,청소년,0.0,0.0,0.0,1.0,0.0,0.0,
0AUDLJ08S_00884.mp4,앉았다 일어서기-3,http://openapi.kspo.or.kr/web/video/0AUDLJ08S_00884.mp4,112,청소년,0.5,0.5,0.0,0.0,0.0,0.0,의자
0AUDLJ08S_00873.mp4,팔굽혀펴기-3,http://openapi.kspo.or.kr/web/video/0AUDLJ08S_00873.mp4,113,청소년,0.5,0.5,0.0,0.0,0.0,0.0,매트
0AUDLJ08S_00926.mp4,나비자세,http://openapi.kspo.or.kr/web/video/0AUDLJ08S_00926.mp4,114,청소년,0.0,0.0,0.0,1.0,0.0,0.0,매트
0AUDLJ08S_00938.mp4,합장하여 앞으로 숙이기,http://openapi.kspo.or.kr/web/video/0AUDLJ08S_00938.mp4,115,청소년,0.0,0.0,0.0,1.0,0.0,0.0,
0AUDLJ08S_00729.mp4,몸 앞으로 굽히기,http://openapi.kspo.or.kr/web/video/0AUDLJ08S_00729.mp4,116,공통,0.0,0.0,0.0,1.0,0.0,0.0,의자
0AUDLJ08S_00980.mp4,의자에 앉아 몸통비틀기,http://openapi.kspo.or.kr/web/video/0AUDLJ08S_00980.mp4,116,청소년,0.0,0.0,0.0,1.0,0.0,0.0,의자
0AUDLJ08S_00940.mp4,측면 팔대고 버티기,http://openapi.kspo.or.kr/web/video/0AUDLJ08S_00940.mp4,117,청소년,0.0,0.0,0.0,1.0,0.0,0.0,매트
0AUDLJ08S_00928.mp4,아기자세,http://openapi.kspo.or.kr/web/video/0AUDLJ08S_00928.mp4,117,청소년,0.0,0.0,0.0,1.0,0.0,0.0,매트
0AUDLJ08S_00874.mp4,뒤로 팔굽혀펴기-1,http://openapi.kspo.or.kr/web/video/0AUDLJ08S_00874.mp4,117,청소년,0.5,0.5,0.0,0.0,0.0,0.0,박스
0AUDLJ08S_00981.mp4,몸통 스트레칭,http://openapi.kspo.or.kr/web/video/0AUDLJ08S_00981.mp4,118,청소년,0.0,0.0,0.0,1.0,0.0,0.0,매트
0AUDLJ08S_00294.mp4,"짐볼에서 몸통 돌리기, 짐볼에서 엉덩이 돌리기",http://openapi.kspo.or.kr/web/video/0AUDLJ08S_00294.mp4,119,공통,1.0,0.0,0.0,0.0,0.0,0.0,짐볼|공
0AUDLJ08S_00941.mp4,레그 스윙,http://openapi.kspo.or.kr/web/video/0AUDLJ08S_00941.mp4,119,청소년,0.0,0.0,0.0,1.0,0.0,0.0,
0AUDLJ08S_00942.mp4,시소우,http://openapi.kspo.or.kr/web/video/0AUDLJ08S_00942.mp4,121,청소년,0.0,0.0,0.0,1.0,0.0,0.0,
0AUDLJ08S_00889.mp4,몸통 들어올리기-3,http://openapi.kspo.or.kr/web/video/0AUDLJ08S_00889.mp4,122,청소년,0.5,0.5,0.0,0.0,0.0,0.0,매트
0AUDLJ08S_00916.mp4,런지하며 상체 비틀기,http://openapi.kspo.or.kr/web/video/0AUDLJ08S_00916.mp4,124,청소년,0.5,0.5,0.0,0.0,0.0,0.0,밴드
0AUDLJ08S_00725.mp4,가슴 스트레칭,http://openapi.kspo.or.kr/web/video/0AUDLJ08S_00725.mp4,128,공통,0.0,0.0,0.0,1.0,0.0,0.0,의자
0AUDLJ08S_00936.mp4,회전 초승달 자세,http://openapi.kspo.or.kr/web/video/0AUDLJ08S_00936.mp4,129,청소년,0.0,0.0,0.0,1.0,0.0,0.0,매트
0AUDLJ08S_00927.mp4,왜가리 자세,http://openapi.kspo.or.kr/web/video/0AUDLJ08S_00927.mp4,130,청소년,0.0,0.0,0.0,1.0,0.0,0.0,매트|수건
0AUDLJ08S_00880.mp4,윗몸일으키기,http://openapi.kspo.or.kr/web/video/0AUDLJ08S_00880.mp4,131,청소년,0.5,0.5,0.0,0.0,0.0,0.0,매트
0AUDLJ08S_00728.mp4,옆구리 스트레칭-2,http://openapi.kspo.or.kr/web/video/0AUDLJ08S_00728.mp4,131,공통,0.0,0.0,0.0,1.0,0.0,0.0,의자
0AUDLJ08S_00879.mp4,전완대고 버티기,http://openapi.kspo.or.kr/web/video/0AUDLJ08S_00879.mp4,133,청소년,0.5,0.5,0.0,0.0,0.0,0.0,매트
0AUDLJ08S_00723.mp4,몸통 비틀기-2,http://openapi.kspo.or.kr/web/video/0AUDLJ08S_00723.mp4,134,공통,0.0,0.0,0.0,1.0,0.0,0.0,의자
0AUDLJ08S_00975.mp4,한발들어 좌우 돌리기,http://openapi.kspo.or.kr/web/video/0AUDLJ08S_00975.mp4,135,청소년,0.0,0.0,0.0,1.0,0.0,0.0,
0AUDLJ08S_00934.mp4,소머리 자세,http://openapi.kspo.or.kr/web/video/0AUDLJ08S_00934.mp4,156,청소년,0.0,0.0,0.0,1.0,0.0,0.0,매트|수건
